;0;1;2
0;Python Developer Intern;Belgrade, Serbia;FIS
1;Developer Consultant Intern;Belgrade, Serbia;FIS
2;Paid Internship - React;Belgrade, Serbia Hybrid;EyeSee
3;Careerstart@sas Data Scientis intern;Belgrade, Serbia Hybrid;SAS
4;RAN Solution Architect Internship;Belgrade, Serbia;Ericsson
5;R&D INTERNSHIP PROGRAM;Novi Sad, Vojvodina, Serbia Hybrid;Continental
6;Test Automation Developer Internship;Belgrade, Serbia On-site;Avisto Eastern Europe
7;DevOps Internship;Belgrade, Serbia;Avisto Eastern Europe
8;Data Engineer - Data Platform;Serbia;Foursquare
